{"count":1,"gauges":{},"self":3.19032,"total":3.2132509999999996,"children":{"AgentSendState":{"count":135,"self":0.009023999999999999,"total":0.011672,"children":{"CollectObservations":{"count":54,"self":0.0026479999999999997,"total":0.0026479999999999997,"children":null}}},"DecideAction":{"count":135,"self":0.004086,"total":0.004086,"children":null},"AgentAct":{"count":135,"self":0.005816,"total":0.005816,"children":null}}}