{"count":1,"gauges":{},"self":1.1397404,"total":3.9549908,"children":{"AgentSendState":{"count":361,"self":0.0200065,"total":0.026005999999999998,"children":{"CollectObservations":{"count":722,"self":0.0059995,"total":0.0059995,"children":null}}},"DecideAction":{"count":361,"self":2.577436,"total":2.5774361,"children":null},"AgentAct":{"count":361,"self":0.2108117,"total":0.2108117,"children":null}}}