{"count":1,"gauges":{},"self":4.6080656,"total":4.6138344,"children":{"AgentSendState":{"count":184,"self":0.0029809999999999997,"total":0.0039805,"children":{"CollectObservations":{"count":74,"self":0.0009995,"total":0.0009995,"children":null}}},"DecideAction":{"count":184,"self":0.00079059999999999992,"total":0.00079059999999999992,"children":null},"AgentAct":{"count":184,"self":0,"total":0,"children":null}}}