{"count":1,"gauges":{},"self":6.737248,"total":7.3481555,"children":{"AgentSendState":{"count":333,"self":0.0073899,"total":0.0102504,"children":{"CollectObservations":{"count":400,"self":0.0028604999999999998,"total":0.0028604999999999998,"children":null}}},"DecideAction":{"count":333,"self":0.39594199999999996,"total":0.39594199999999996,"children":null},"AgentAct":{"count":333,"self":0.2037156,"total":0.2037156,"children":null}}}