Steps,Policy/Entropy,Policy/Learning Rate,Environment/Cumulative Reward,Environment/Episode Length,Policy/Extrinsic Value Estimate,Policy/Extrinsic Reward
12000,1.4189384,0.00029642263,1.2368932372158012,22.368932038834952,0.2657313,1.2342412112287975
24000,1.4149188,0.00028918585,1.3517382763524242,23.517382413087933,0.11875026,1.352556182806721
36000,1.4113611,0.00028199994,1.5809843785044064,25.809843400447427,0.1819232,1.5829976994452595
48000,1.3992548,0.00027480946,2.3997085054700995,33.99708454810496,0.36781752,2.3810495079085015
