Steps,Policy/Entropy,Policy/Learning Rate,Policy/Extrinsic Value Estimate,Environment/Cumulative Reward,Environment/Episode Length,Policy/Extrinsic Reward
1000,1.4189382,0.0002998552,-5.020552,261.8375031929463,159.5,281.89499044418335
2000,1.4189384,0.00029955336,-5.6133037,699.2537575028837,381.75,706.8400001525879
